column,unique_count,top,top_count,unique_preview,dtype
PreBLTRIGLYCERIDES,444,89.0,49,"134.0, 543.0, 149.0, 51.0, 242.0, 148.0, 73.0, 515.0, 108.0, 229.0, 235.0, 118.0, 120.0, 100.0, 169.0, 109.0, 119.0, 125.0, 210.0, 222.0, ...",float64
PreBLPPBS,413,98.0,62,"197.0, 333.0, 187.0, 239.0, 81.0, 111.0, 414.0, 208.0, 110.0, 98.0, 82.0, 108.0, 255.0, 114.0, 97.0, 157.0, 347.0, 104.0, 107.0, 117.0, ...",float64
PreBLFBS,311,95.0,156,"146.0, 239.0, 125.0, 184.0, 91.0, 127.0, 80.0, 82.0, 404.0, 165.0, 109.0, 150.0, 85.0, 86.0, 90.0, 136.0, 96.0, 115.0, 486.0, 170.0, ...",float64
PreBLCHOLESTEROL,247,180.0,72,"162.0, 198.0, 201.0, 105.0, 137.0, 150.0, 158.0, 178.0, 292.0, 172.0, 196.0, 193.0, 97.0, 167.0, 258.0, 204.0, 184.0, 209.0, 163.0, 141.0, ...",float64
PreBLCHOLESTEROLLDL,190,84.0,77,"69.0, 50.0, 119.0, 51.0, 49.0, 87.0, 97.0, 91.0, 167.0, 98.0, 108.0, 104.0, 39.0, 92.0, 173.0, 114.0, 117.0, 135.0, 99.0, 70.0, ...",float64
PreBLHBA1C,114,5.4,298,"6.7, 8.6, 6.8, 7.9, 6.1, 7.7, 4.7, 6.6, 12.2, 10.4, 7.5, 6.9, 5.3, 5.7, 6.5, 5.9, 6.0, 5.8, 13.9, 11.4, ...",float64
PreRweight,85,60.0,27,"69.0, 74.0, 39.0, 60.0, 76.0, 67.0, 46.0, 65.0, 50.0, 61.0, 66.0, 55.0, 64.0, 38.0, 59.0, 58.0, 41.0, 79.0, 89.0, 93.0, ...",float64
PreBLAge,67,60.0,341,"59.0, 54.0, 52.0, 68.0, 67.0, 55.0, 22.0, 33.0, 58.0, 60.0, 51.0, 62.0, 39.0, 71.0, 43.0, 45.0, 70.0, 46.0, 32.0, 50.0, ...",float64
PreRheight,66,152.0,25,"174.0, 170.0, 154.0, 156.0, 158.0, 157.0, 162.0, 160.0, 175.0, 135.0, 149.0, 145.0, 165.0, 164.0, 125.0, 147.0, 159.0, 141.0, 152.0, 153.0, ...",float64
PreRwaist,64,87.0,32,"80.0, 91.0, 62.0, 100.0, 87.0, 77.0, 82.0, 65.0, 78.0, 98.0, 84.0, 92.0, 75.0, 73.0, 89.0, 69.0, 86.0, 114.0, 152.0, 90.0, ...",float64
PreRhip,55,90.0,30,"95.0, 79.0, 99.0, 101.0, 110.0, 96.0, 89.0, 90.0, 77.0, 72.0, 85.0, 92.0, 104.0, 94.0, 91.0, 68.0, 107.0, 131.0, 105.0, 112.0, ...",float64
PreRstworkvalue,10,1.0,74,"9.0, 4.0, 5.0, 7.0, 1.0, 3.0, 2.0, 8.0, 6.0, 10.0",float64
PreRstfinancialvalue,10,1.0,84,"3.0, 1.0, 5.0, 4.0, 10.0, 7.0, 9.0, 2.0, 8.0, 6.0",float64
PreRstsocialvalue,10,1.0,93,"1.0, 5.0, 4.0, 3.0, 2.0, 8.0, 7.0, 6.0, 9.0, 10.0",float64
PreRstfamilyvalue,10,1.0,67,"2.0, 4.0, 6.0, 1.0, 3.0, 5.0, 8.0, 9.0, 7.0, 10.0",float64
PreRsthealthvalue,10,1.0,80,"1.0, 3.0, 5.0, 2.0, 4.0, 8.0, 6.0, 9.0, 7.0, 10.0",float64
PreRpresentoccupation,8,Homemaker,113,"Clerical/medium business, Professional/Executive/Big business, Homemaker, Self-employed/ skilled, Retired, Unskilled/ landless laborer, Unemployed(unable to work), Others(specify if any)",object
PreRstaplefood,7,Rice,194,"Wheat, Rice, Other, Bajra, Maize, Ragi, Jowar",object
PreReducation,6,Up to high school,98,"Up to intermediate, University completed or higher, Up to university, No formal schooling, Up to high school, Up to primary school",object
PreRmaritalstatus,5,Married,449,"Married, Unmarried, Others(specify if any), Divorcee/Seperated, Widow/Widower",object
PreRtobaverage,5,1.0,40,"1.0, 5.0, 2.0, 3.0, 4.0",float64
PreRtobsmoking,5,< 6 months,30,"< 6 months, 1 to 5 yrs, 6 mon to 1 yrs, More than 10 yrs, 5 to 10 yrs",object
PreRstoyear,5,1.0,28,"1.0, 3.0, 2.0, 5.0, 4.0",float64
PreRalyear,5,< 6 months,23,"More than 10 yrs, < 6 months, 1 to 5 yrs, 5 to 10 yrs, 6 mon to 1 yrs",object
PreRallastmonthuse,5,every day,24,"every day, Once a week, On special occasions, Only on weekends, 3-5 times a week",object
PreRmildactivityduration,5,10 - 30mins,91,"at least 10 mins, 30mins - 1hr, 10 - 30mins, >1.5hrs, 1hr - 1.5hrs",object
PreRmoderateduration,5,10 - 30mins,92,"30mins - 1hr, at least 10 mins, 10 - 30mins, 1hr - 1.5hrs, >1.5hrs",object
PreRvigorousduration,5,at least 10 mins,72,"at least 10 mins, 10 - 30mins, >1.5hrs, 1hr - 1.5hrs, 30mins - 1hr",object
PreRlastmonthavg,4,less than 1 drink,32,"less than 1 drink, 1 or 2 drinks, 3 or 4 drinks, 5 or 6 drinks",object
PreRalthreemonthsuse,4,every day,30,"every day, at least once a week, once in 3 months, at least once a month",object
PreRdrinktype,4,English/ Hard Drink,29,"Desi/ Local, English/ Hard Drink, Wine, Beer",object
PreRsleepquality,4,Fairly good,148,"Very good, Fairly bad, Very bad, Fairly good",object
PreRstodailyuse,4,1.0,37,"2.0, 1.0, 3.0, 4.0",float64
PreRalmlperday,4,60 ml,20,"60 ml, 180 ml, 250 ml, 90 ml",object
PreRmilk,3,Sometimes,163,"Sometimes, Usually/Often, Rarely/ Never",object
PreRlessvegetable,3,Sometimes,182,"Sometimes, Usually/Often, Rarely/ Never",object
PreRskipbreakfast,3,Sometimes,137,"Sometimes, Usually/Often, Rarely/ Never",object
PreRlessfiber,3,Sometimes,213,"Sometimes, Usually/Often, Rarely/ Never",object
PreRmeat,3,Sometimes,186,"Sometimes, Usually/Often, Rarely/ Never",object
PreRfriedfood,3,Sometimes,184,"Sometimes, Rarely/ Never, Usually/Often",object
PreRlessfruit,3,Sometimes,183,"Sometimes, Usually/Often, Rarely/ Never",object
PreRdrink,3,Sometimes,148,"Sometimes, Rarely/ Never, Usually/Often",object
PreRpopcorn,3,Sometimes,154,"Sometimes, Rarely/ Never, Usually/Often",object
PreRsweet,3,Sometimes,192,"Sometimes, Usually/Often, Rarely/ Never",object
PostRgroupname,2,1.0,3599,"1.0, 2.0",float64
PreRallastmonth,2,No,478,"No, Yes",object
PreRgender,2,Female,282,"Male, Female",object
PreRarea,2,Urban,339,"Urban, Rural",object
PreRalcoholuse,2,No,465,"No, Yes",object
PreRalthreemonths,2,No,473,"No, Yes",object
PreRtobcurrent,2,No,448,"No, Yes",object
PreRstouse,2,No,458,"No, Yes",object
PreRstodaily,2,No,463,"No, Yes",object
PreRtobdailyuse,2,No,468,"No, Yes",object
PreRdiabrother,2,No,484,"No, Yes",object
PreRcurrentworking,2,No,336,"Yes, No",object
PreRdiafather,2,No,454,"No, Yes",object
PreRdiamother,2,No,466,"No, Yes",object
PreRtobuse,2,No,456,"No, Yes",object
PreRdiasister,2,No,487,"No, Yes",object
PreRtobdaily,2,No,466,"No, Yes",object
PreRstocurrent,1,Yes,42,Yes,object
